driverId;driver;
1;Driver_1;
2;Driver_2;
3;Driver_3;
4;Driver_4;
5;Driver_5;
6;Driver_6;
7;Driver_7;
8;Driver_8;
9;Driver_9;
10;Driver_10;
11;Driver_11;
12;Driver_12;
13;Driver_13;
14;Driver_14;
15;Driver_15;
16;Driver_16;
17;Driver_17;
18;Driver_18;
19;Driver_19;
20;Driver_20;
21;Driver_21;
22;Driver_22;
23;Driver_23;
24;Driver_24;
25;Driver_25;
26;Driver_26;
27;Driver_27;
28;Driver_28;
29;Driver_29;
30;Driver_30;
31;Driver_31;
32;Driver_32;
33;Driver_33;
34;Driver_34;
35;Driver_35;
36;Driver_36;
37;Driver_37;
38;Driver_38;
39;Driver_39;
40;Driver_40;
41;Driver_41;
42;Driver_42;
43;Driver_43;
44;Driver_44;
45;Driver_45;
46;Driver_46;
47;Driver_47;
48;Driver_48;
49;Driver_49;
50;Driver_50;
51;Driver_51;
52;Driver_52;
53;Driver_53;
54;Driver_54;
55;Driver_55;
56;Driver_56;
57;Driver_57;
58;Driver_58;
59;Driver_59;
60;Driver_60;
61;Driver_61;
62;Driver_62;
63;Driver_63;
64;Driver_64;
65;Driver_65;
66;Driver_66;
67;Driver_67;
68;Driver_68;
69;Driver_69;
70;Driver_70;
71;Driver_71;
72;Driver_72;
73;Driver_73;
74;Driver_74;
75;Driver_75;
76;Driver_76;
77;Driver_77;
78;Driver_78;
79;Driver_79;
80;Driver_80;
81;Driver_81;
82;Driver_82;
83;Driver_83;
84;Driver_84;
85;Driver_85;
86;Driver_86;
87;Driver_87;
88;Driver_88;
89;Driver_89;
90;Driver_90;
91;Driver_91;
92;Driver_92;
93;Driver_93;
94;Driver_94;
95;Driver_95;
96;Driver_96;
97;Driver_97;
98;Driver_98;
99;Driver_99;
100;Driver_100;
