routeId;route;
1;Route_1;
2;Route_2;
3;Route_3;
4;Route_4;
5;Route_5;
6;Route_6;
7;Route_7;
8;Route_8;
9;Route_9;
10;Route_10;
11;Route_11;
12;Route_12;
13;Route_13;
14;Route_14;
15;Route_15;
16;Route_16;
17;Route_17;
18;Route_18;
19;Route_19;
20;Route_20;
21;Route_21;
22;Route_22;
23;Route_23;
24;Route_24;
25;Route_25;
26;Route_26;
27;Route_27;
28;Route_28;
29;Route_29;
30;Route_30;
31;Route_31;
32;Route_32;
33;Route_33;
34;Route_34;
35;Route_35;
36;Route_36;
37;Route_37;
38;Route_38;
39;Route_39;
40;Route_40;
41;Route_41;
42;Route_42;
43;Route_43;
44;Route_44;
45;Route_45;
46;Route_46;
47;Route_47;
48;Route_48;
49;Route_49;
50;Route_50;
51;Route_51;
52;Route_52;
53;Route_53;
54;Route_54;
55;Route_55;
56;Route_56;
57;Route_57;
58;Route_58;
59;Route_59;
60;Route_60;
61;Route_61;
62;Route_62;
63;Route_63;
64;Route_64;
65;Route_65;
66;Route_66;
67;Route_67;
68;Route_68;
69;Route_69;
70;Route_70;
71;Route_71;
72;Route_72;
73;Route_73;
74;Route_74;
75;Route_75;
76;Route_76;
77;Route_77;
78;Route_78;
79;Route_79;
80;Route_80;
81;Route_81;
82;Route_82;
83;Route_83;
84;Route_84;
85;Route_85;
86;Route_86;
87;Route_87;
88;Route_88;
89;Route_89;
90;Route_90;
91;Route_91;
92;Route_92;
93;Route_93;
94;Route_94;
95;Route_95;
96;Route_96;
97;Route_97;
98;Route_98;
99;Route_99;
100;Route_100;
